<?xml version="1.0" encoding="UTF-8"?>
    <manifest identifier="gc1c043c4d56096c5d62f1217d8a35bf3" xmlns="http://www.imsglobal.org/xsd/imsccv1p1/imscp_v1p1" xmlns:lom="http://ltsc.ieee.org/xsd/imsccv1p1/LOM/resource" xmlns:imsmd="http://www.imsglobal.org/xsd/imsmd_v1p2" xmlns:xsi="http://www.w3.org/2001/XMLSchema-instance" xsi:schemaLocation="http://www.imsglobal.org/xsd/imsccv1p1/imscp_v1p1 http://www.imsglobal.org/xsd/imscp_v1p1.xsd http://ltsc.ieee.org/xsd/imsccv1p1/LOM/resource http://www.imsglobal.org/profile/cc/ccv1p1/LOM/ccv1p1_lomresource_v1p0.xsd http://www.imsglobal.org/xsd/imsmd_v1p2 http://www.imsglobal.org/xsd/imsmd_v1p2p2.xsd">
      <metadata>
        <schema>IMS Content</schema>
        <schemaversion>1.1.3</schemaversion>
        <imsmd:lom>
          <imsmd:general>
            <imsmd:title>
              <imsmd:string>QTI Quiz Export for course "TEM-CIS-156-JM"</imsmd:string>
            </imsmd:title>
          </imsmd:general>
          <imsmd:lifeCycle>
            <imsmd:contribute>
              <imsmd:date>
                <imsmd:dateTime>2020-12-25</imsmd:dateTime>
              </imsmd:date>
            </imsmd:contribute>
          </imsmd:lifeCycle>
          <imsmd:rights>
            <imsmd:copyrightAndOtherRestrictions>
              <imsmd:value>yes</imsmd:value>
            </imsmd:copyrightAndOtherRestrictions>
            <imsmd:description>
              <imsmd:string>Private (Copyrighted) - http://en.wikipedia.org/wiki/Copyright</imsmd:string>
            </imsmd:description>
          </imsmd:rights>
        </imsmd:lom>
      </metadata>
      <organizations/>
      <resources><resource identifier="g8ce2009aaab3283573f3ef0ef197841e" type="imsqti_xmlv1p2">
          <file href="g8ce2009aaab3283573f3ef0ef197841e/g8ce2009aaab3283573f3ef0ef197841e.xml"/>
          <dependency identifierref="ge4d8d35e8e41f702d320795e0dafe965"/>
        </resource>
        <resource identifier="ge4d8d35e8e41f702d320795e0dafe965" type="associatedcontent/imscc_xmlv1p1/learning-application-resource" href="g8ce2009aaab3283573f3ef0ef197841e/assessment_meta.xml">
          <file href="g8ce2009aaab3283573f3ef0ef197841e/assessment_meta.xml"/>
        </resource><resource identifier="g8ce2009aaab3283573f3ef0ef1cfed92" type="imsqti_xmlv1p2">
          <file href="g8ce2009aaab3283573f3ef0ef1cfed92/g8ce2009aaab3283573f3ef0ef1cfed92.xml"/>
          <dependency identifierref="ge4d8d35e8e41f702d320795e0dda3a57"/>
        </resource>
        <resource identifier="ge4d8d35e8e41f702d320795e0dda3a57" type="associatedcontent/imscc_xmlv1p1/learning-application-resource" href="g8ce2009aaab3283573f3ef0ef1cfed92/assessment_meta.xml">
          <file href="g8ce2009aaab3283573f3ef0ef1cfed92/assessment_meta.xml"/>
        </resource></resources>
    </manifest>
    