<?xml version="1.0" encoding="UTF-8"?>
<questestinterop xmlns="http://www.imsglobal.org/xsd/ims_qtiasiv1p2" xmlns:xsi="http://www.w3.org/2001/XMLSchema-instance" xsi:schemaLocation="http://www.imsglobal.org/xsd/ims_qtiasiv1p2 http://www.imsglobal.org/xsd/ims_qtiasiv1p2p1.xsd">
  <assessment ident="g8ce2009aaab3283573f3ef0ef14195c8" title="Chapter 2 - Exercise 1 (Quiz Title)">
    <qtimetadata>
      <qtimetadatafield>
        <fieldlabel>cc_maxattempts</fieldlabel>
        <fieldentry>unlimited</fieldentry>
      </qtimetadatafield>
    </qtimetadata>
    <section ident="root_section"><item ident="g55e6d962093946e0f770fe3ddd6ff871" title="01. Percent Difference (Question Title)">
        <itemmetadata>
          <qtimetadata>
            <qtimetadatafield>
              <fieldlabel>question_type</fieldlabel>
              <fieldentry>multiple_dropdowns_question</fieldentry>
            </qtimetadatafield>
            <qtimetadatafield>
              <fieldlabel>points_possible</fieldlabel>
              <fieldentry>1.0</fieldentry>
            </qtimetadatafield>
            <qtimetadatafield>
              <fieldlabel>original_answer_ids</fieldlabel>
              <fieldentry>100,101,102,103,104,105</fieldentry>
            </qtimetadatafield>
            <qtimetadatafield>
              <fieldlabel>assessment_question_identifierref</fieldlabel>
              <fieldentry>g6e4260d49c837ae43ad2d7f28345ec03</fieldentry>
            </qtimetadatafield>
          </qtimetadata>
        </itemmetadata>
        <presentation>
          <material>
            <mattext texttype="text/html">&lt;div&gt;
            &lt;p&gt;What color is an orange?[1]&lt;/p&gt;&lt;p&gt;What color is fresh snow?[2]&lt;/p&gt;
&lt;/div&gt;</mattext>
          </material>
          
  <response_lid ident="response_1">
            <material>
              <mattext>1</mattext>
            </material>
            <render_choice>
              <response_label ident="100">
                <material>
                  <mattext texttype="text/plain">orange</mattext>
                </material>
              </response_label>
              <response_label ident="101">
                <material>
                  <mattext texttype="text/plain">red</mattext>
                </material>
              </response_label>
              <response_label ident="102">
                <material>
                  <mattext texttype="text/plain">blue (dropdown options correct answer first)</mattext>
                </material>
              </response_label>
            </render_choice>
          </response_lid>
          
  <response_lid ident="response_2">
            <material>
              <mattext>2</mattext>
            </material>
            <render_choice>
              <response_label ident="103">
                <material>
                  <mattext texttype="text/plain">white</mattext>
                </material>
              </response_label>
              <response_label ident="104">
                <material>
                  <mattext texttype="text/plain">black</mattext>
                </material>
              </response_label>
              <response_label ident="105">
                <material>
                  <mattext texttype="text/plain">yellow</mattext>
                </material>
              </response_label>
            </render_choice>
          </response_lid>
          
        </presentation>
        <resprocessing>
          <outcomes>
            <decvar maxvalue="100" minvalue="0" varname="SCORE" vartype="Decimal"/>
          </outcomes><respcondition>
            <conditionvar>
              <varequal respident="response_1">100</varequal>
            </conditionvar>
            <setvar varname="SCORE" action="Add">50.0</setvar>
          </respcondition><respcondition>
            <conditionvar>
              <varequal respident="response_2">103</varequal>
            </conditionvar>
            <setvar varname="SCORE" action="Add">50.0</setvar>
          </respcondition>
        </resprocessing>
      </item><item ident="g55e6d962093946e0f770fe3ddd6ff278" title="02. Percent Difference (Question Title)">
        <itemmetadata>
          <qtimetadata>
            <qtimetadatafield>
              <fieldlabel>question_type</fieldlabel>
              <fieldentry></fieldentry>
            </qtimetadatafield>
            <qtimetadatafield>
              <fieldlabel>points_possible</fieldlabel>
              <fieldentry>1.0</fieldentry>
            </qtimetadatafield>
            <qtimetadatafield>
              <fieldlabel>original_answer_ids</fieldlabel>
              <fieldentry>106,107,108,109,110,111</fieldentry>
            </qtimetadatafield>
            <qtimetadatafield>
              <fieldlabel>assessment_question_identifierref</fieldlabel>
              <fieldentry>g6e4260d49c837ae43ad2d7f28345ec03</fieldentry>
            </qtimetadatafield>
          </qtimetadata>
        </itemmetadata>
        <presentation>
          <material>
            <mattext texttype="text/html">&lt;div&gt;
            &lt;p&gt;What color is an orange?[1]&lt;/p&gt;&lt;p&gt;What color is fresh snow?[2]&lt;/p&gt;
&lt;/div&gt;</mattext>
          </material>
          
  <response_lid ident="response_1">
            <material>
              <mattext>1</mattext>
            </material>
            <render_choice>
              <response_label ident="106">
                <material>
                  <mattext texttype="text/plain">orange</mattext>
                </material>
              </response_label>
              <response_label ident="107">
                <material>
                  <mattext texttype="text/plain">red</mattext>
                </material>
              </response_label>
              <response_label ident="108">
                <material>
                  <mattext texttype="text/plain">blue (dropdown options correct answer first)</mattext>
                </material>
              </response_label>
            </render_choice>
          </response_lid>
          
  <response_lid ident="response_2">
            <material>
              <mattext>2</mattext>
            </material>
            <render_choice>
              <response_label ident="109">
                <material>
                  <mattext texttype="text/plain">white</mattext>
                </material>
              </response_label>
              <response_label ident="110">
                <material>
                  <mattext texttype="text/plain">black</mattext>
                </material>
              </response_label>
              <response_label ident="111">
                <material>
                  <mattext texttype="text/plain">yellow</mattext>
                </material>
              </response_label>
            </render_choice>
          </response_lid>
          
        </presentation>
        <resprocessing>
          <outcomes>
            <decvar maxvalue="100" minvalue="0" varname="SCORE" vartype="Decimal"/>
          </outcomes><respcondition>
            <conditionvar>
              <varequal respident="response_1">106</varequal>
            </conditionvar>
            <setvar varname="SCORE" action="Add">50.0</setvar>
          </respcondition><respcondition>
            <conditionvar>
              <varequal respident="response_2">109</varequal>
            </conditionvar>
            <setvar varname="SCORE" action="Add">50.0</setvar>
          </respcondition>
        </resprocessing>
      </item><item ident="g55e6d962093946e0f770fe3ddd6ff187" title="03. Percent Difference (Question Title)">
        <itemmetadata>
          <qtimetadata>
            <qtimetadatafield>
              <fieldlabel>question_type</fieldlabel>
              <fieldentry></fieldentry>
            </qtimetadatafield>
            <qtimetadatafield>
              <fieldlabel>points_possible</fieldlabel>
              <fieldentry>1.0</fieldentry>
            </qtimetadatafield>
            <qtimetadatafield>
              <fieldlabel>original_answer_ids</fieldlabel>
              <fieldentry>112,113,114,115,116,117</fieldentry>
            </qtimetadatafield>
            <qtimetadatafield>
              <fieldlabel>assessment_question_identifierref</fieldlabel>
              <fieldentry>g6e4260d49c837ae43ad2d7f28345ec03</fieldentry>
            </qtimetadatafield>
          </qtimetadata>
        </itemmetadata>
        <presentation>
          <material>
            <mattext texttype="text/html">&lt;div&gt;
            &lt;p&gt;What color is an orange?[1]&lt;/p&gt;&lt;p&gt;What color is fresh snow?[2]&lt;/p&gt;
&lt;/div&gt;</mattext>
          </material>
          
  <response_lid ident="response_1">
            <material>
              <mattext>1</mattext>
            </material>
            <render_choice>
              <response_label ident="112">
                <material>
                  <mattext texttype="text/plain">orange</mattext>
                </material>
              </response_label>
              <response_label ident="113">
                <material>
                  <mattext texttype="text/plain">red</mattext>
                </material>
              </response_label>
              <response_label ident="114">
                <material>
                  <mattext texttype="text/plain">blue (dropdown options correct answer first)</mattext>
                </material>
              </response_label>
            </render_choice>
          </response_lid>
          
  <response_lid ident="response_2">
            <material>
              <mattext>2</mattext>
            </material>
            <render_choice>
              <response_label ident="115">
                <material>
                  <mattext texttype="text/plain">white</mattext>
                </material>
              </response_label>
              <response_label ident="116">
                <material>
                  <mattext texttype="text/plain">black</mattext>
                </material>
              </response_label>
              <response_label ident="117">
                <material>
                  <mattext texttype="text/plain">yellow</mattext>
                </material>
              </response_label>
            </render_choice>
          </response_lid>
          
        </presentation>
        <resprocessing>
          <outcomes>
            <decvar maxvalue="100" minvalue="0" varname="SCORE" vartype="Decimal"/>
          </outcomes><respcondition>
            <conditionvar>
              <varequal respident="response_1">112</varequal>
            </conditionvar>
            <setvar varname="SCORE" action="Add">50.0</setvar>
          </respcondition><respcondition>
            <conditionvar>
              <varequal respident="response_2">115</varequal>
            </conditionvar>
            <setvar varname="SCORE" action="Add">50.0</setvar>
          </respcondition>
        </resprocessing>
      </item>
    </section>
  </assessment>
</questestinterop>