<?xml version="1.0" encoding="UTF-8"?>
<questestinterop xmlns="http://www.imsglobal.org/xsd/ims_qtiasiv1p2" xmlns:xsi="http://www.w3.org/2001/XMLSchema-instance" xsi:schemaLocation="http://www.imsglobal.org/xsd/ims_qtiasiv1p2 http://www.imsglobal.org/xsd/ims_qtiasiv1p2p1.xsd">
  <assessment ident="g8ce2009aaab3283573f3ef0ef1b1fecd" title="Chapter 2 Exercise 3">
    <qtimetadata>
      <qtimetadatafield>
        <fieldlabel>cc_maxattempts</fieldlabel>
        <fieldentry>unlimited</fieldentry>
      </qtimetadatafield>
    </qtimetadata>
    <section ident="root_section"><item ident="g55e6d962093946e0f770fe3ddd6ff522" title="03. Budget">
        <itemmetadata>
          <qtimetadata>
            <qtimetadatafield>
              <fieldlabel>question_type</fieldlabel>
              <fieldentry>multiple_dropdowns_question</fieldentry>
            </qtimetadatafield>
            <qtimetadatafield>
              <fieldlabel>points_possible</fieldlabel>
              <fieldentry>18</fieldentry>
            </qtimetadatafield>
            <qtimetadatafield>
              <fieldlabel>original_answer_ids</fieldlabel>
              <fieldentry>133,134,135,136,137,138,139,140,141,142,143,144,145</fieldentry>
            </qtimetadatafield>
            <qtimetadatafield>
              <fieldlabel>assessment_question_identifierref</fieldlabel>
              <fieldentry>g6e4260d49c837ae43ad2d7f28345ec03</fieldentry>
            </qtimetadatafield>
          </qtimetadata>
        </itemmetadata>
        <presentation>
          <material>
            <mattext texttype="text/html">&lt;div&gt;
            &lt;p&gt;You’ve been asked to write a program that computes percentages for specific categories in a personal budget. The program should ask the user to enter estimated monthly expenditures for the following categories: Rent Payment, Food, Utilities, and All Other. Your program should add the amounts, display the total, and compute and display the percentage for each category. Dollar amounts should be displayed with two decimal places and percentages should be displayed with one decimal place.&lt;/p&gt;&lt;p&gt;rent = [1]([2]("Enter monthly rent payment"));&lt;/p&gt;&lt;p&gt;food = [3]([4]&lt;/p&gt;&lt;p&gt;Expected Output:&lt;/p&gt;&lt;p&gt;>>Your total monthly costs: $850.00&lt;/p&gt;&lt;p&gt;>>You spend 47.1% on Rent&lt;/p&gt;&lt;p&gt;>>You spend 23.5% on Food&lt;/p&gt;&lt;p&gt;>>You spend 17.6% on Utilities&lt;/p&gt;&lt;p&gt;>>You spend 11.8% on Other&lt;/p&gt;
&lt;/div&gt;</mattext>
          </material>
          
  <response_lid ident="response_1">
            <material>
              <mattext>1</mattext>
            </material>
            <render_choice>
              <response_label ident="133">
                <material>
                  <mattext texttype="text/plain">parseInt</mattext>
                </material>
              </response_label>
              <response_label ident="134">
                <material>
                  <mattext texttype="text/plain">prompter</mattext>
                </material>
              </response_label>
              <response_label ident="135">
                <material>
                  <mattext texttype="text/plain">parseInted</mattext>
                </material>
              </response_label>
            </render_choice>
          </response_lid>
          
  <response_lid ident="response_2">
            <material>
              <mattext>2</mattext>
            </material>
            <render_choice>
              <response_label ident="136">
                <material>
                  <mattext texttype="text/plain">prompt</mattext>
                </material>
              </response_label>
              <response_label ident="137">
                <material>
                  <mattext texttype="text/plain">a</mattext>
                </material>
              </response_label>
              <response_label ident="138">
                <material>
                  <mattext texttype="text/plain">b</mattext>
                </material>
              </response_label>
              <response_label ident="139">
                <material>
                  <mattext texttype="text/plain">c</mattext>
                </material>
              </response_label>
            </render_choice>
          </response_lid>
          
  <response_lid ident="response_3">
            <material>
              <mattext>3</mattext>
            </material>
            <render_choice>
              <response_label ident="140">
                <material>
                  <mattext texttype="text/plain">parseInt</mattext>
                </material>
              </response_label>
              <response_label ident="141">
                <material>
                  <mattext texttype="text/plain">b</mattext>
                </material>
              </response_label>
              <response_label ident="142">
                <material>
                  <mattext texttype="text/plain">f</mattext>
                </material>
              </response_label>
            </render_choice>
          </response_lid>
          
  <response_lid ident="response_4">
            <material>
              <mattext>4</mattext>
            </material>
            <render_choice>
              <response_label ident="143">
                <material>
                  <mattext texttype="text/plain">prompt</mattext>
                </material>
              </response_label>
              <response_label ident="144">
                <material>
                  <mattext texttype="text/plain">hi</mattext>
                </material>
              </response_label>
              <response_label ident="145">
                <material>
                  <mattext texttype="text/plain">bye</mattext>
                </material>
              </response_label>
            </render_choice>
          </response_lid>
          
        </presentation>
        <resprocessing>
          <outcomes>
            <decvar maxvalue="100" minvalue="0" varname="SCORE" vartype="Decimal"/>
          </outcomes><respcondition>
            <conditionvar>
              <varequal respident="response_1">133</varequal>
            </conditionvar>
            <setvar varname="SCORE" action="Add">25.0</setvar>
          </respcondition><respcondition>
            <conditionvar>
              <varequal respident="response_2">136</varequal>
            </conditionvar>
            <setvar varname="SCORE" action="Add">25.0</setvar>
          </respcondition><respcondition>
            <conditionvar>
              <varequal respident="response_3">140</varequal>
            </conditionvar>
            <setvar varname="SCORE" action="Add">25.0</setvar>
          </respcondition><respcondition>
            <conditionvar>
              <varequal respident="response_4">143</varequal>
            </conditionvar>
            <setvar varname="SCORE" action="Add">25.0</setvar>
          </respcondition>
        </resprocessing>
        <itemfeedback ident="correct_fb">
          <flow_mat>
            <material>
              <mattext texttype="text/html">
              
              </mattext>
            </material>
          </flow_mat>
        </itemfeedback>
      </item>
    </section>
  </assessment>
</questestinterop>