<?xml version="1.0" encoding="UTF-8"?>
<questestinterop xmlns="http://www.imsglobal.org/xsd/ims_qtiasiv1p2" xmlns:xsi="http://www.w3.org/2001/XMLSchema-instance" xsi:schemaLocation="http://www.imsglobal.org/xsd/ims_qtiasiv1p2 http://www.imsglobal.org/xsd/ims_qtiasiv1p2p1.xsd">
  <assessment ident="g8ce2009aaab3283573f3ef0ef1531509" title="Chapter 2 - Exercise 1 (Quiz Title)">
    <qtimetadata>
      <qtimetadatafield>
        <fieldlabel>cc_maxattempts</fieldlabel>
        <fieldentry>unlimited</fieldentry>
      </qtimetadatafield>
    </qtimetadata>
    <section ident="root_section"><item ident="g55e6d962093946e0f770fe3ddd6ff861" title="01. Percent Difference (Question Title)">
        <itemmetadata>
          <qtimetadata>
            <qtimetadatafield>
              <fieldlabel>question_type</fieldlabel>
              <fieldentry></fieldentry>
            </qtimetadatafield>
            <qtimetadatafield>
              <fieldlabel>points_possible</fieldlabel>
              <fieldentry>1.0</fieldentry>
            </qtimetadatafield>
            <qtimetadatafield>
              <fieldlabel>original_answer_ids</fieldlabel>
              <fieldentry>118,119,120,121,122,123</fieldentry>
            </qtimetadatafield>
            <qtimetadatafield>
              <fieldlabel>assessment_question_identifierref</fieldlabel>
              <fieldentry>g6e4260d49c837ae43ad2d7f28345ec03</fieldentry>
            </qtimetadatafield>
          </qtimetadata>
        </itemmetadata>
        <presentation>
          <material>
            <mattext texttype="text/html">&lt;div&gt;
            &lt;p&gt;What color is an orange?[1]&lt;/p&gt;&lt;p&gt;What color is fresh snow?[2]&lt;/p&gt;
&lt;/div&gt;</mattext>
          </material>
          
  <response_lid ident="response_1">
            <material>
              <mattext>1</mattext>
            </material>
            <render_choice>
              <response_label ident="118">
                <material>
                  <mattext texttype="text/plain">orange</mattext>
                </material>
              </response_label>
              <response_label ident="119">
                <material>
                  <mattext texttype="text/plain">red</mattext>
                </material>
              </response_label>
              <response_label ident="120">
                <material>
                  <mattext texttype="text/plain">blue (dropdown options correct answer first)</mattext>
                </material>
              </response_label>
            </render_choice>
          </response_lid>
          
  <response_lid ident="response_2">
            <material>
              <mattext>2</mattext>
            </material>
            <render_choice>
              <response_label ident="121">
                <material>
                  <mattext texttype="text/plain">white</mattext>
                </material>
              </response_label>
              <response_label ident="122">
                <material>
                  <mattext texttype="text/plain">black</mattext>
                </material>
              </response_label>
              <response_label ident="123">
                <material>
                  <mattext texttype="text/plain">yellow</mattext>
                </material>
              </response_label>
            </render_choice>
          </response_lid>
          
        </presentation>
        <resprocessing>
          <outcomes>
            <decvar maxvalue="100" minvalue="0" varname="SCORE" vartype="Decimal"/>
          </outcomes><respcondition>
            <conditionvar>
              <varequal respident="response_1">118</varequal>
            </conditionvar>
            <setvar varname="SCORE" action="Add">50.0</setvar>
          </respcondition><respcondition>
            <conditionvar>
              <varequal respident="response_2">121</varequal>
            </conditionvar>
            <setvar varname="SCORE" action="Add">50.0</setvar>
          </respcondition>
        </resprocessing>
      </item><item ident="g55e6d962093946e0f770fe3ddd6ff351" title="02. Percent Difference (Question Title)">
        <itemmetadata>
          <qtimetadata>
            <qtimetadatafield>
              <fieldlabel>question_type</fieldlabel>
              <fieldentry></fieldentry>
            </qtimetadatafield>
            <qtimetadatafield>
              <fieldlabel>points_possible</fieldlabel>
              <fieldentry>1.0</fieldentry>
            </qtimetadatafield>
            <qtimetadatafield>
              <fieldlabel>original_answer_ids</fieldlabel>
              <fieldentry>124,125,126,127,128,129</fieldentry>
            </qtimetadatafield>
            <qtimetadatafield>
              <fieldlabel>assessment_question_identifierref</fieldlabel>
              <fieldentry>g6e4260d49c837ae43ad2d7f28345ec03</fieldentry>
            </qtimetadatafield>
          </qtimetadata>
        </itemmetadata>
        <presentation>
          <material>
            <mattext texttype="text/html">&lt;div&gt;
            &lt;p&gt;What color is an orange?[1]&lt;/p&gt;&lt;p&gt;What color is fresh snow?[2]&lt;/p&gt;
&lt;/div&gt;</mattext>
          </material>
          
  <response_lid ident="response_1">
            <material>
              <mattext>1</mattext>
            </material>
            <render_choice>
              <response_label ident="124">
                <material>
                  <mattext texttype="text/plain">orange</mattext>
                </material>
              </response_label>
              <response_label ident="125">
                <material>
                  <mattext texttype="text/plain">red</mattext>
                </material>
              </response_label>
              <response_label ident="126">
                <material>
                  <mattext texttype="text/plain">blue (dropdown options correct answer first)</mattext>
                </material>
              </response_label>
            </render_choice>
          </response_lid>
          
  <response_lid ident="response_2">
            <material>
              <mattext>2</mattext>
            </material>
            <render_choice>
              <response_label ident="127">
                <material>
                  <mattext texttype="text/plain">white</mattext>
                </material>
              </response_label>
              <response_label ident="128">
                <material>
                  <mattext texttype="text/plain">black</mattext>
                </material>
              </response_label>
              <response_label ident="129">
                <material>
                  <mattext texttype="text/plain">yellow</mattext>
                </material>
              </response_label>
            </render_choice>
          </response_lid>
          
        </presentation>
        <resprocessing>
          <outcomes>
            <decvar maxvalue="100" minvalue="0" varname="SCORE" vartype="Decimal"/>
          </outcomes><respcondition>
            <conditionvar>
              <varequal respident="response_1">124</varequal>
            </conditionvar>
            <setvar varname="SCORE" action="Add">50.0</setvar>
          </respcondition><respcondition>
            <conditionvar>
              <varequal respident="response_2">127</varequal>
            </conditionvar>
            <setvar varname="SCORE" action="Add">50.0</setvar>
          </respcondition>
        </resprocessing>
      </item><item ident="g55e6d962093946e0f770fe3ddd6ff895" title="03. Percent Difference (Question Title)">
        <itemmetadata>
          <qtimetadata>
            <qtimetadatafield>
              <fieldlabel>question_type</fieldlabel>
              <fieldentry></fieldentry>
            </qtimetadatafield>
            <qtimetadatafield>
              <fieldlabel>points_possible</fieldlabel>
              <fieldentry>1.0</fieldentry>
            </qtimetadatafield>
            <qtimetadatafield>
              <fieldlabel>original_answer_ids</fieldlabel>
              <fieldentry>130,131,132,133,134,135</fieldentry>
            </qtimetadatafield>
            <qtimetadatafield>
              <fieldlabel>assessment_question_identifierref</fieldlabel>
              <fieldentry>g6e4260d49c837ae43ad2d7f28345ec03</fieldentry>
            </qtimetadatafield>
          </qtimetadata>
        </itemmetadata>
        <presentation>
          <material>
            <mattext texttype="text/html">&lt;div&gt;
            &lt;p&gt;What color is an orange?[1]&lt;/p&gt;&lt;p&gt;What color is fresh snow?[2]&lt;/p&gt;
&lt;/div&gt;</mattext>
          </material>
          
  <response_lid ident="response_1">
            <material>
              <mattext>1</mattext>
            </material>
            <render_choice>
              <response_label ident="130">
                <material>
                  <mattext texttype="text/plain">orange</mattext>
                </material>
              </response_label>
              <response_label ident="131">
                <material>
                  <mattext texttype="text/plain">red</mattext>
                </material>
              </response_label>
              <response_label ident="132">
                <material>
                  <mattext texttype="text/plain">blue (dropdown options correct answer first)</mattext>
                </material>
              </response_label>
            </render_choice>
          </response_lid>
          
  <response_lid ident="response_2">
            <material>
              <mattext>2</mattext>
            </material>
            <render_choice>
              <response_label ident="133">
                <material>
                  <mattext texttype="text/plain">white</mattext>
                </material>
              </response_label>
              <response_label ident="134">
                <material>
                  <mattext texttype="text/plain">black</mattext>
                </material>
              </response_label>
              <response_label ident="135">
                <material>
                  <mattext texttype="text/plain">yellow</mattext>
                </material>
              </response_label>
            </render_choice>
          </response_lid>
          
        </presentation>
        <resprocessing>
          <outcomes>
            <decvar maxvalue="100" minvalue="0" varname="SCORE" vartype="Decimal"/>
          </outcomes><respcondition>
            <conditionvar>
              <varequal respident="response_1">130</varequal>
            </conditionvar>
            <setvar varname="SCORE" action="Add">50.0</setvar>
          </respcondition><respcondition>
            <conditionvar>
              <varequal respident="response_2">133</varequal>
            </conditionvar>
            <setvar varname="SCORE" action="Add">50.0</setvar>
          </respcondition>
        </resprocessing>
      </item>
    </section>
  </assessment>
</questestinterop>